{"cameraMode":{"drawMode":0,"name":"Shaded","section":"Shading Mode"},"sceneLighting":false,"audioPlay":false,"sceneViewState":{"showFog":true,"showMaterialUpdate":false,"showSkybox":false,"showFlares":true,"showImageEffects":true,"showParticleSystems":true},"in2DMode":false,"pivot":{"x":-2.5157065391540529,"y":1.03753662109375,"z":-1.1766185760498047},"rotation":{"x":-0.46475112438201907,"y":0.0021505265031009914,"z":-0.0010811162646859885,"w":-0.8855376839637756},"size":28.916379928588868,"orthographic":false}