{"cameraMode":{"drawMode":0,"name":"Shaded","section":"Shading Mode"},"sceneLighting":false,"audioPlay":false,"sceneViewState":{"showFog":true,"showMaterialUpdate":false,"showSkybox":false,"showFlares":true,"showImageEffects":true,"showParticleSystems":true},"in2DMode":false,"pivot":{"x":-2.5268349647521974,"y":2.2231693267822267,"z":7.388254165649414},"rotation":{"x":0.12419424951076508,"y":-0.8717763423919678,"z":0.3771810829639435,"w":0.28730881214141848},"size":33.1697883605957,"orthographic":false}