{"cameraMode":{"drawMode":0,"name":"Shaded","section":"Shading Mode"},"sceneLighting":false,"audioPlay":false,"sceneViewState":{"showFog":true,"showMaterialUpdate":false,"showSkybox":false,"showFlares":true,"showImageEffects":true,"showParticleSystems":true},"in2DMode":false,"pivot":{"x":0.0715164989233017,"y":12.931482315063477,"z":-9.664764404296875},"rotation":{"x":0.5845817923545837,"y":0.00002375315125391353,"z":0.00003808533801930025,"w":0.8114314079284668},"size":24.809762954711915,"orthographic":false}