{"cameraMode":{"drawMode":0,"name":"Shaded","section":"Shading Mode"},"sceneLighting":false,"audioPlay":false,"sceneViewState":{"showFog":true,"showMaterialUpdate":false,"showSkybox":false,"showFlares":true,"showImageEffects":true,"showParticleSystems":true},"in2DMode":false,"pivot":{"x":-1.6157288551330567,"y":3.1294331550598146,"z":-5.9636311531066898},"rotation":{"x":-0.3121888041496277,"y":-0.31697115302085879,"z":0.11132820695638657,"w":-0.8887200951576233},"size":18.198837280273439,"orthographic":false}