{"cameraMode":{"drawMode":0,"name":"Shaded","section":"Shading Mode"},"sceneLighting":false,"audioPlay":false,"sceneViewState":{"showFog":true,"showMaterialUpdate":false,"showSkybox":false,"showFlares":true,"showImageEffects":true,"showParticleSystems":true},"in2DMode":false,"pivot":{"x":-1.1116617918014527,"y":3.1001133918762209,"z":0.09334823489189148},"rotation":{"x":0.017548441886901857,"y":-0.8686984181404114,"z":-0.03107391856610775,"w":-0.49417588114738467},"size":0.5079482793807983,"orthographic":false}