{"cameraMode":{"drawMode":0,"name":"Shaded","section":"Shading Mode"},"sceneLighting":false,"audioPlay":false,"sceneViewState":{"showFog":true,"showMaterialUpdate":false,"showSkybox":false,"showFlares":true,"showImageEffects":true,"showParticleSystems":true},"in2DMode":false,"pivot":{"x":1.3473434448242188,"y":6.678534507751465,"z":3.0374133586883547},"rotation":{"x":-0.37668073177337649,"y":-0.601538360118866,"z":0.38329392671585085,"w":-0.5911819338798523},"size":16.006629943847658,"orthographic":false}